code,name,date,description,city,location,banner,bannerCopyRight,distances,socialNetworks,media,isRegistrationOpen,promoted,promotional,altitude,temperature,organizer,organizerSocialNetworks
cartagena-del-castillo-a-la-popa-2024,Del Castillo a la Popa,2024-01-28T00:00:00-05:00,,Cartagena,country:colombia|department:bolivar|city:cartagena,,,"6,5k",web@https://www.2george.com.co/evento/del-castillo-a-la-popa-2024,,Yes,No,No,,,,
morroa-carrera-san-blas-2024,Carrera San Blas de Morroa,2024-02-03T00:00:00-05:00,,Morroa,country:colombia|department:sucre|city:morroa,,,12k,web@https://www.facebook.com/people/Liga-De-Atletismo-De-Sucre,,Yes,No,No,,,,
cali-carrera-america-2024,Carrera América de Cali,2024-02-11T00:00:00-05:00,,Cali,country:colombia|department:valle-del-cauca|city:cali,,,10k y 5k,web@https://grupomonte.com/eventos/america-run-series/,,Yes,No,No,,,,
cartagena-media-maraton-del-mar-2024,Media Maratón del Mar,2024-02-18T00:00:00-05:00,,Cartagena,country:colombia|department:bolivar|city:cartagena,,,empty,web@https://mediamaratondelmar.com/,,Yes,No,No,,,,
yopal-blanquita-10k-del-arroz-2024,Blanquita 10k del Arroz,2024-02-18T00:00:00-05:00,,Yopal,country:colombia|department:casanare|city:yopal,,,empty,web@https://www.eventrid.com.co/eventos/juanchocorrelon/blanquita-10k-arroz-2024,,Yes,No,No,,,,
los-patios-media-maraton-patiense-2024,Media Maratón Patiense,2024-02-25T00:00:00-05:00,,Los Patios,country:colombia|department:norte-de-santander|city:los-patios,,,empty,web@https://www.mmpatiense.com/,,Yes,No,No,,,,
cali-carrera-berchmans-2024,Carrera Berchmans,2024-02-25T00:00:00-05:00,,Cali,country:colombia|department:valle-del-cauca|city:cali,,,10k,web@https://www.eventrid.com.co/eventos/juanchocorrelon/carrera-berchmans-2024,,Yes,No,No,,,,
manizales-carrera-de-la-mujer-2024,Carrera de la Mujer de Manizales,2024-03-03T00:00:00-05:00,,Manizales,country:colombia|department:caldas|city:manizales,,,10k y 5k,web@https://www.eventrid.com.co/eventos/tremendacreativa/carrera-de-la-mujer-manizalez-2024,,Yes,No,No,,,,
medellin-parceros-run-2024,Parceros Run,2024-03-03T00:00:00-05:00,,Medellín,country:colombia|department:antioquia|city:medellin,,,"15k, 10k y 5k",web@https://competencias.aplicacionesincontacto.com/formviewer/#!/page/form/a4d499af-d0f3-4c99-9f22-43e740802f11,,Yes,No,No,,,,
cartagena-green-run-2024,Green Run,2024-03-03T00:00:00-05:00,,Cartagena,country:colombia|department:bolivar|city:cartagena,,,10k,web@https://www.medalstore.com.co/,,Yes,No,No,,,,
bogota-carrera-de-la-mujer-trabajadora-2024,Carrera de la Mujer Trabajadora,2024-03-08T00:00:00-05:00,,Bogotá,country:colombia|department:cundinamarca|city:bogota,,,"2,3k",,,Yes,No,No,,,,
duitama-carrera-de-la-mujer-2024,Carrera de la Mujer,2024-03-08T00:00:00-05:00,,Duitama,country:colombia|department:boyaca|city:duitama,,,10k y 5k,,,Yes,No,No,,,,
barranquilla-maraton-2024,Maratón de Barranquilla,2024-03-10T00:00:00-05:00,,Barranquilla,country:colombia|department:atlantico|city:barranquilla,,,"42k, 21k, 10k y 5k",web@https://www.maratonbarranquilla.com/,,Yes,No,No,,,,
cali-carrera-verde-2024,Carrera Verde,2024-03-10T00:00:00-05:00,,Cali,country:colombia|department:valle-del-cauca|city:cali,,,10k y 5k,web@https://www.eventrid.com.co/eventos/juanchocorrelon/pastas-la-muneca-10k-verde-2024,,Yes,No,No,,,,
medellin-corre-por-amor-2024,Corre por Amor,2024-03-10T00:00:00-05:00,,Medellín,country:colombia|department:antioquia|city:medellin,,,12k y 5k,web@https://mcmeventos.com/eventos/corre-por-amor-12-de-marzo-de-2023/,,Yes,No,No,,,,
mosquera-woman-running-10k-2024,Woman Running 10k,2024-03-10T00:00:00-05:00,,Mosquera,country:colombia|department:cundinamarca|city:mosquera,,,empty,,,Yes,No,No,,,,
medellin-parceros-run-2024,Parceros Run,2024-03-15T00:00:00-05:00,,Medellín,country:colombia|department:antioquia|city:medellin,,,,,,Yes,No,No,,,,
bogota-sube-monserrate-2024,Sube Monserrate,2024-03-16T00:00:00-05:00,,Bogotá,country:colombia|department:cundinamarca|city:bogota,,,Bogotá,web@https://www.facebook.com/IDRDBogota/posts/pfbid02gdK4RmUhyTkc4en9aghxgByxk6PF6qNDgqHRe3rku3Tx82P8fEyaYoic4nqkroE6l,,Yes,No,No,,,,
armenia-media-maraton-del-quindio-2024,Media Maratón del Quindío,2024-03-17T00:00:00-05:00,,Armenia,country:colombia|department:quindio|city:armenia,,,"21k, 10, 5k",web@https://mediamaratonquindio.com/,,Yes,No,No,,,,
sopo-carrera-aboles-para-mi-pais-2024,Carrera Áboles para mi país,2024-03-17T00:00:00-05:00,,Sopó,country:colombia|department:cundinamarca|city:sopo,,,"10, 5k y 3k",web@https://parquejaimeduque.com/arbolesparamipais/,,Yes,No,No,,,,
cartagena-carrera-almirante-padilla-2024,Carrera Almirante Padilla,2024-03-17T00:00:00-05:00,,Cartagena,country:colombia|department:bolivar|city:cartagena,,,"10k, 5k",web@https://www.2george.com.co/evento/10k-y-5k-natalicio-a-padilla,,Yes,No,No,,,,
popayan-10k-de-semana-santa-2024,10k de Semana Santa,2024-03-23T00:00:00-05:00,,Popayán,country:colombia|department:cauca|city:popayan,,,empty,web@https://www.eventrid.com.co/eventos/juanchocorrelon/10k-semana-santa-2024,,Yes,No,No,,,,
cartagena-del-castillo-a-la-popa-2024,Del Castillo a la Popa,2024-03-24T00:00:00-05:00,,Cartagena,country:colombia|department:bolivar|city:cartagena,,,empty,web@https://www.2george.com.co/evento/del-castillo-a-la-popa-2024,,Yes,No,No,,,,
bogota-night-race-2024,Night Race de Bogotá,2024-03-24T00:00:00-05:00,,Bogotá,country:colombia|department:cundinamarca|city:bogota,,,10k,web@https://www.nightrace10k.com/2024/app/,,Yes,No,No,,,,
fusa-carrera-u.-cundinamarca-2024,Carrera U. Cundinamarca,2024-03-24T00:00:00-05:00,,Fusa,country:colombia|department:cundinamarca|city:fusa,,,5k,,,Yes,No,No,,,,
cali-carrera-luz-mery-tristan-2024,Carrera Luz Mery Tristán,2024-04-07T00:00:00-05:00,,Cali,country:colombia|department:valle-del-cauca|city:cali,,,"10k, 5k",web@https://grupomonte.com/eventos/carrera-luz-mery-tristan/,,Yes,No,No,,,,
bucaramanga-reto-acapulco-2024,Reto Acapulco,2024-04-07T00:00:00-05:00,,Bucaramanga,country:colombia|department:santander|city:bucaramanga,,,"17k, 7k",web@https://competencias.aplicacionesincontacto.com/formviewer/#!/page/form/cff0f6d4-338e-4b27-948f-1a81e5378416,,Yes,No,No,,,,
tulua-rotary-run-2024,Rotary Run,2024-04-07T00:00:00-05:00,,Tuluá,country:colombia|department:valle-del-cauca|city:tulua,,,"10k, 5k",,,Yes,No,No,,,,
medellin-carrera-por-la-salud-mental-2024,Carrera por la Salud Mental,2024-04-14T00:00:00-05:00,,Medellín,country:colombia|department:antioquia|city:medellin,,,"10k, 5k, 3k",web@https://academia.funlam.edu.co/uenlinea/publico/index.jsf,,Yes,No,No,,,,
bogota-carrera-verde-2024,Carrera Verde,2024-04-21T00:00:00-05:00,,Bogotá,country:colombia|department:cundinamarca|city:bogota,,,"10k, 5k, 3k",web@https://carreraverdecolombia.com/,,Yes,No,No,,,,
medellin-corre-mi-tierra-2024,Corre mi Tierra,2024-04-21T00:00:00-05:00,,Medellín,country:colombia|department:antioquia|city:medellin,,,"21k, 15k, 10k, 5k",web@https://corremitierra.com/medellin/,,Yes,No,No,,,,
turbaco-corre-2024,Turbaco Corre,2024-04-21T00:00:00-05:00,,Turbaco,country:colombia|department:bolivar|city:turbaco,,,"10k, 5k, 3k",web@https://www.2george.com.co/evento/turbaco-corre-2024,,Yes,No,No,,,,
cali-night-neon-run-2024,Night Neon Run,2024-04-28T00:00:00-05:00,,Cali,country:colombia|department:valle-del-cauca|city:cali,,,"10k, 5k y 2k",web@https://nightneonrun.co/adultos-kids,,Yes,No,No,,,,
san-andres-vuelta-a-isla-2024,Vuelta a San Andrés Isla,2024-04-28T00:00:00-05:00,,San Andrés,country:colombia|department:san-andres-providencia|city:san-andres,,,32k,ig@sanandres32k|web@https://sanandres32k.co|fb@SanAndres32K,,Yes,No,No,,,,
montenegro-villa-quindio-8k-2024,Villa Quindío 8k,2024-04-28T00:00:00-05:00,,Montenegro,country:colombia|department:quindio|city:montenegro,,,empty,,,Yes,No,No,,,,
duitama-carrera-los-libertadores-2024,Carrera Los Libertadores,2024-05-01T00:00:00-05:00,,Duitama,country:colombia|department:boyaca|city:duitama,,,10k,,,Yes,No,No,,,,
bogota-carrera-por-los-heroes-2024,Carrera por los Héroes,2024-05-05T00:00:00-05:00,,Bogotá,country:colombia|department:cundinamarca|city:bogota,,,10k,web@https://www.carreraporlosheroes.org/2024/,,Yes,No,No,,,,
ibague-maraton-dulima-2024,Maratón Dulima,2024-05-05T00:00:00-05:00,,Ibagué,country:colombia|department:tolima|city:ibague,,,"42k, 21k, 10k y 5k",web@https://maratondulima.com/registro/,,Yes,No,No,,,,
barranquilla-corre-x-quilla-2024,Corre x Quilla,2024-05-05T00:00:00-05:00,,Barranquilla,country:colombia|department:atlantico|city:barranquilla,,,"18k, 12, 6k",web@https://www.eventrid.com.co/eventos/correporquilla/corre-x-quilla,,Yes,No,No,,,,
bogota-mi-reto-kids-2024,Mi Reto Kids,2024-05-05T00:00:00-05:00,,Bogotá,country:colombia|department:cundinamarca|city:bogota,,,1k para padres e hijos,web@http://www.comunicarcolombia.com/miretokids/inscripcion.php,,Yes,No,No,,,,
bogota-carrera-de-las-rosas-2024,Carrera de las Rosas,2024-05-19T00:00:00-05:00,,Bogotá,country:colombia|department:cundinamarca|city:bogota,,,"15k, 10k, 5k y 2k",web@https://carreradelasrosas.com/bogota/,,Yes,No,No,,,,
villavicencio-carrera-de-la-llanura-2024,Carrera de la Llanura,2024-05-19T00:00:00-05:00,,Villavicencio,country:colombia|department:meta|city:villavicencio,,,"10k, 5k",web@https://www.carreradelallanura.co/event-details/carrera-de-la-llanura-2024,,Yes,No,No,,,,
buga-monasterio-run-8k-en-ascenso-2024,Monasterio Run 8k en ascenso,2024-05-19T00:00:00-05:00,,Buga,country:colombia|department:valle-del-cauca|city:buga,,,empty,web@https://mibuc.co/monasteriorun8k,,Yes,No,No,,,,
medellin-expedicion-bodytech-2024,Expedición Bodytech,2024-05-19T00:00:00-05:00,,Medellín,country:colombia|department:antioquia|city:medellin,,,"12k, 6k, 3k",web@https://eventos.bodytech.co/event/info/2ba81990-50bf-4ce1-84c6-94b4f0558082,,Yes,No,No,,,,
montenegro-carrera-por-los-peluditos-2024,Carrera por los Peluditos,2024-05-19T00:00:00-05:00,,Montenegro,country:colombia|department:quindio|city:montenegro,,,Montenegro,web@https://porlospeluditosdemontenegro.com/,,Yes,No,No,,,,
medellin-medallo-run-2024,Medallo Run,2024-05-25T00:00:00-05:00,,Medellín,country:colombia|department:antioquia|city:medellin,,,13k,web@https://medallorun.com/,,Yes,No,No,,,,
cali-maraton-del-valle-2024,Maratón del Valle,2024-05-26T00:00:00-05:00,,Cali,country:colombia|department:valle-del-cauca|city:cali,,,"42k, 21k y 10k",web@https://grupomonte.com/eventos/maraton-del-valle/,,Yes,No,No,,,,
bogota-yoga-run-2024,Yoga Run,2024-05-26T00:00:00-05:00,,Bogotá,country:colombia|department:cundinamarca|city:bogota,,,5k y 10k,web@https://www.vchallenges.co/2024/challenge/details/yogarun10k,,Yes,No,No,,,,
espinal-carrera-itfip-2024,Carrera ITFIP,2024-05-26T00:00:00-05:00,,Espinal,country:colombia|department:tolima|city:espinal,,,"10k, 5k",web@https://www.sisas.com.co/carrera-atletica-itfip,,Yes,No,No,,,,
acacias-carrera-amanecer-llanero-2024,Carrera Amanecer Llanero,2024-06-01T00:00:00-05:00,,Acacías,country:colombia|department:meta|city:acacias,,,10k y 5k,web@https://www.carreraamanecerllanero.co/inscripcion/,,Yes,No,No,,,,
santa-marta-media-maraton-2024,Media Maratón de Santa Marta,2024-06-02T00:00:00-05:00,,Santa Marta,country:colombia|department:magdalena|city:santa-marta,,,"21k, 10k, 5k",,,Yes,No,No,,,,
chinchina-media-maraton-2024,Media Maratón de Chinchiná,2024-06-02T00:00:00-05:00,,Chinchiná,country:colombia|department:caldas|city:chinchina,,,empty,,,Yes,No,No,,,,
ibague-milla-de-colores-2024,Milla de Colores,2024-06-02T00:00:00-05:00,,Ibagué,country:colombia|department:tolima|city:ibague,,,3k,web@https://www.eventrid.com.co/eventos/mediamaratonmusical/milla-de-,,Yes,No,No,,,,
cartagena-superheroes-run-kids-2024,Superhéroes Run Kids,2024-06-08T00:00:00-05:00,,Cartagena,country:colombia|department:bolivar|city:cartagena,,,2k y 1k,web@https://www.medalstore.com.co/producto/super-heroes-run-kids-2024/,,Yes,No,No,,,,
cali-media-maraton-2024,Media Maratón de Cali,2024-06-09T00:00:00-05:00,,Cali,country:colombia|department:valle-del-cauca|city:cali,,,"21k, 10, 5k",web@https://mediamaratoncali.com/,,Yes,No,No,,,,
quibdo-media-maraton-2024,Media Maratón de Quibdó,2024-06-09T00:00:00-05:00,,Quibdó,country:colombia|department:choco|city:quibdo,,,"21k, 10k y 5k",,,Yes,No,No,,,,
rionegro-media-maraton-2024,Media Maratón Rionegro,2024-06-09T00:00:00-05:00,,Rionegro,country:colombia|department:antioquia|city:rionegro,,,,,,Yes,No,No,,,,
cartagena-superheroes-run-2024,Superhéroes Run,2024-06-09T00:00:00-05:00,,Cartagena,country:colombia|department:bolivar|city:cartagena,,,8k y 16k,web@https://www.medalstore.com.co/producto/superheroes-run-2024/,,Yes,No,No,,,,
soacha-5kzuca-2024,5kzucá,2024-06-15T00:00:00-05:00,,Soacha,country:colombia|department:cundinamarca|city:soacha,,,5k,web@https://tiempodejuego.org/5k#recorrido,,Yes,No,No,,,,
barranquilla-carrera-de-las-rosas-2024,Carrera de las Rosas,2024-06-16T00:00:00-05:00,,Barranquilla,country:colombia|department:atlantico|city:barranquilla,,,"15k, 10, 5k y 2k",web@https://jaoeventos.com/categoriasevento,,Yes,No,No,,,,
bogota-trail-urbano-2024,Trail Urbano,2024-06-23T00:00:00-05:00,,Bogotá,country:colombia|department:cundinamarca|city:bogota,,,11k,web@https://www.vchallenges.co/2024/,,Yes,No,No,,,,
pereira-corramos-con-el-corazon-2024,Corramos con el Corazón,2024-06-23T00:00:00-05:00,,Pereira,country:colombia|department:risaralda|city:pereira,,,"10k, 5k",web@https://www.eventrid.com.co/eventos/cruzrojarisaralda/corramos-con-el-corazon,,Yes,No,No,,,,
sincelejo-media-maraton-2024,Media Maratón de Sincelejo,2024-06-30T00:00:00-05:00,,Sincelejo,country:colombia|department:sucre|city:sincelejo,,,"21k, 10k, 5k",web@https://2george.com.co/,,Yes,No,No,,,,
cienaga-de-oro-media-maraton-2024,Media Maratón Ciénaga de Oro,2024-06-30T00:00:00-05:00,,Ciénaga de Oro,country:colombia|department:cordoba|city:cienaga-de-oro,,,"21k, 10k, 5k",,,Yes,No,No,,,,
floridablanca-media-maraton-2024,Media Maratón de Floridablanca,2024-06-30T00:00:00-05:00,,Floridablanca,country:colombia|department:santander|city:floridablanca,,,"21k, 10k, 5k",web@https://runningbucaramanga.com/eventos/mmf-2024/,,Yes,No,No,,,,
ocana-media-maraton-de-la-cordillera-2024,Media Maratón de la Cordillera,2024-06-30T00:00:00-05:00,,Ocaña,country:colombia|department:norte-de-santander|city:ocaña,,,"21k, 10k, 5k, 3k",web@https://apuntate.com.co/#comoes,,Yes,No,No,,,,
zarzal-neon-fest-run-2024,Neon Fest Run,2024-06-30T00:00:00-05:00,,Zarzal,country:colombia|department:valle-del-cauca|city:zarzal,,,empty,,,Yes,No,No,,,,
bogota-carrera-compensar-2024,Carrera Compensar,2024-07-07T00:00:00-05:00,,Bogotá,country:colombia|department:cundinamarca|city:bogota,,,"10k, 5k, 3k",web@https://www.tiendacompensar.com/interesados-en-feria-deportiva-y-carrera-atl%C3%A9tica/carrera-atletica-compensar/HER-B-RED-DEP-TER-197,,Yes,No,No,,,,
medellin-allianz-15k-2024,Allianz 15k,2024-07-07T00:00:00-05:00,,Medellín,country:colombia|department:antioquia|city:medellin,,,empty,web@https://allianz15kmedellin.com/,,Yes,No,No,,,,
cali-ascenso-cristo-rey-7k-y-virgen-yanaconas-15k-2024,Ascenso Cristo Rey 7k y Virgen Yanaconas 15k,2024-07-07T00:00:00-05:00,,Cali,country:colombia|department:valle-del-cauca|city:cali,,,empty,web@https://www.eventrid.com.co/eventos/correpasion/cristo-rey-7k-virgen-de-yanaconas-15k,,Yes,No,No,,,,
pance-reverdece-comfandi-2024,Reverdece Comfandi,2024-07-14T00:00:00-05:00,,Pance,country:colombia|department:valle-del-cauca|city:pance,,,"10k, 5k y 2k",web@https://juanchocorrelon.com/,,Yes,No,No,,,,
tulua-carrera-rio-2024,Carrera Río Tuluá,2024-07-14T00:00:00-05:00,,Tuluá,country:colombia|department:valle-del-cauca|city:tulua,,,10k y 5k,web@https://fenalcotulua.co/carrera-atletica-fenalco,,Yes,No,No,,,,
la-ceja-carrera-valle-de-san-nicolas-2024,Carrera Valle de San Nicolás,2024-07-14T00:00:00-05:00,,La Ceja,country:colombia|department:antioquia|city:la-ceja,,,"15K, 10k, 5k",,,Yes,No,No,,,,
vijes-carrera-2024,Carrera Vijes,2024-07-14T00:00:00-05:00,,Vijes,country:colombia|department:valle-del-cauca|city:vijes,,,10k y 5k,web@https://www.eventrid.com.co/eventos/carrera10kvijes/vijes10k-carrera,,Yes,No,No,,,,
cali-independencia-run-2024,Independencia Run,2024-07-20T00:00:00-05:00,,Cali,country:colombia|department:valle-del-cauca|city:cali,,,10k y 5k,,,Yes,No,No,,,,
cucuta-media-maraton-de-oriente-2024,Media Maratón de Oriente,2024-07-21T00:00:00-05:00,,Cúcuta,country:colombia|department:norte-de-santander|city:cucuta,,,"21k, 10k, 5k",web@https://mediamaratondeloriente.com/,,Yes,No,Yes|7,,,,
bogota-media-maraton-2024,Media Maratón de Bogotá,2024-07-28T00:00:00-05:00,,Bogotá,country:colombia|department:cundinamarca|city:bogota,,,"21k, 10k",web@https://www.mediamaratonbogota.com/2024/,,Yes,No,No,,,,
cali-expedicion-bodytech-2024,Expedición Bodytech,2024-07-28T00:00:00-05:00,,Cali,country:colombia|department:valle-del-cauca|city:cali,,,"12k, 6k, 3k",web@https://bodytech.com.co/,,Yes,No,No,,,,
cartago-carrera-del-sol-2024,Carrera del Sol,2024-08-04T00:00:00-05:00,,Cartago,country:colombia|department:valle-del-cauca|city:cartago,,,"10k, 5k",,,Yes,No,No,,,,
la-ceja-new-balance-series-15k-2024,New Balance Series 15k,2024-08-11T00:00:00-05:00,,La Ceja,country:colombia|department:antioquia|city:la-ceja,,,empty,web@https://www.newbalance15k.com.co/,,Yes,No,No,,,,
cali-carrera-del-pacifico-2024,Carrera del Pacífico,2024-08-18T00:00:00-05:00,,Cali,country:colombia|department:valle-del-cauca|city:cali,,,10k,web@https://www.lacarreradelpacifico.com/index.php,,Yes,No,No,,,,
barrancabermeja-media-maraton-del-sol-2024,Media Maratón del Sol,2024-08-18T00:00:00-05:00,,Barrancabermeja,country:colombia|department:santander|city:barrancabermeja,,,"21k, 10k, 5k",web@https://www.mediamaratonbarrancabermeja.com/inscripcion?distance=21,,Yes,No,No,,,,
calarca-media-maraton-entre-montanas-2024,Media Maratón entre Montañas,2024-08-18T00:00:00-05:00,,Calarcá,country:colombia|department:quindio|city:calarca,,,"21k, 10k, 5k",web@http://mediamaratonentremontanas.com/,,Yes,No,No,,,,
bogota-carrera-de-la-caminata-de-la-solidaridad-2024,Carrera de la Caminata de la Solidaridad,2024-08-25T00:00:00-05:00,,Bogotá,country:colombia|department:cundinamarca|city:bogota,,,"10k, 5k y 3k",web@https://caminatadelasolidaridad.com/carrera/,,Yes,No,No,,,,
barranquilla-carrera-fuerza-aerea-2024,Carrera Fuerza Aérea,2024-08-25T00:00:00-05:00,,Barranquilla,country:colombia|department:atlantico|city:barranquilla,,,"10k, 5k",web@https://www.carrerafac.com/2024/app/,,Yes,No,No,,,,
medellin-maraton-2024,Maratón de Medellín,2024-09-01T00:00:00-05:00,,Medellín,country:colombia|department:antioquia|city:medellin,,,"42k, 21k, 10k y 5k",web@https://maratonmedellin.com|fb@MaratonMedellin|ig@maratonmedellin,,Yes,No,Yes|8,,,,
bogota-running-indoor-2024,Running Indoor,2024-09-01T00:00:00-05:00,,Bogotá,country:colombia|department:cundinamarca|city:bogota,,,5k,web@https://www.instagram.com/p/C6FmwLer825/,,Yes,No,No,,,,
bogota-carrera-de-la-mujer-2024,Carrera de la Mujer,2024-09-08T00:00:00-05:00,,Bogotá,country:colombia|department:cundinamarca|city:bogota,,,"21k, 10k, 5k",web@https://www.carreradelamujercolombia.com/2024/web/,,Yes,No,No,,,,
cali-carrera-del-zoologico-2024,Carrera del Zoológico de Cali,2024-09-15T00:00:00-05:00,,Cali,country:colombia|department:valle-del-cauca|city:cali,,,10k,web@https://www.eventrid.com.co/eventos/juanchocorrelon/carrera-zoo-task-2024,,Yes,No,No,,,,
bogota-expedicion-bodytech-2024,Expedición Bodytech,2024-09-22T00:00:00-05:00,,Bogotá,country:colombia|department:cundinamarca|city:bogota,,,"12k, 6k, 2k",web@https://bodytech.com.co/,,Yes,No,No,,,,
ibague-media-maraton-musical-2024,Media Maratón Musical,2024-09-22T00:00:00-05:00,,Ibagué,country:colombia|department:tolima|city:ibague,,,empty,web@https://www.mediamaratonmusical.co/,,Yes,No,No,,,,
manizales-corre-con-el-alma-2024,Corre con el Alma,2024-09-22T00:00:00-05:00,,Manizales,country:colombia|department:caldas|city:manizales,,,"15k, 10k, 5k",web@https://correconelalma15k.com/,,Yes,No,No,,,,
cartagena-11k-san-valentin-2024,11k San Valentín,2024-09-22T00:00:00-05:00,,Cartagena,country:colombia|department:bolivar|city:cartagena,,,"21k, 11k, 6k",web@https://www.2george.com.co/evento/11k-san-valentin-afinia-2024,,Yes,No,No,,,,
medellin-carrera-de-las-rosas-2024,Carrera de las Rosas,2024-09-29T00:00:00-05:00,,Medellín,country:colombia|department:antioquia|city:medellin,,,"21k, 15k, 10k, 5k y 2k",web@https://jaoeventos.com/categoriasevento,,Yes,No,No,,,,
cali-carrera-decathlon-2024,Carrera Decathlon,2024-09-29T00:00:00-05:00,,Cali,country:colombia|department:valle-del-cauca|city:cali,,,"10K, 5K",web@https://kilometrosporcolombia.com/,,Yes,No,No,,,,
armenia-carrera-por-la-salud-mental-2024,Carrera por la Salud Mental,2024-09-29T00:00:00-05:00,,Armenia,country:colombia|department:quindio|city:armenia,,,"10k, 5k",web@https://www.clinicaensaludmental.com.co/,,Yes,No,No,,,,
bogota-global-energy-race-bimbo-2024,Global Energy Race Bimbo,2024-09-29T00:00:00-05:00,,Bogotá,country:colombia|department:cundinamarca|city:bogota,,,10k,,,Yes,No,No,,,,
bogota-run-tour-avianca-2024,Run Tour Avianca,2024-10-06T00:00:00-05:00,,Bogotá,country:colombia|department:cundinamarca|city:bogota,,,10k,web@https://www.runtouravianca.com/2024/inscripciones.php,,Yes,No,No,,,,
guatape-media-maraton-2024,Media Maratón de Guatapé,2024-10-06T00:00:00-05:00,,Guatapé,country:colombia|department:antioquia|city:guatape,,,"21k, 10k",web@https://www.instagram.com/mmguatapeoficial/?hl=es-la,,Yes,No,No,,,,
valledupar-media-maraton-2024,Media Maratón de Valledupar,2024-10-13T00:00:00-05:00,,Valledupar,country:colombia|department:cesar|city:valledupar,,,"21k, 10k y 5k",web@https://www.eventrid.com.co/eventos/mediamaratonvalledeupar/media-maraton-valle-de-upar,,Yes,No,No,,,,
bogota-allianz-15k-2024,Allianz 15k,2024-10-20T00:00:00-05:00,,Bogotá,country:colombia|department:cundinamarca|city:bogota,,,empty,web@https://www.allianz-carrera15k.com/2024/app/,,Yes,No,No,,,,
bucaramanga-media-maraton-de-fcv-2024,Media Maratón de Bucaramanga FCV,2024-10-20T00:00:00-05:00,,Bucaramanga,country:colombia|department:santander|city:bucaramanga,,,empty,web@https://www.fcv.org/co/maraton-fcv,,Yes,No,No,,,,
barranquilla-corre-mi-tierra-2024,Corre mi Tierra,2024-10-20T00:00:00-05:00,,Barranquilla,country:colombia|department:atlantico|city:barranquilla,,,"21k, 15k, 1k, 5k",web@https://corremitierra.com/barranquilla/,,Yes,No,No,,,,
cali-10k-de-la-luz-2024,10k de la Luz,2024-10-20T00:00:00-05:00,,Cali,country:colombia|department:valle-del-cauca|city:cali,,,10k y 5k,web@https://juanchocorrelon.com/,,Yes,No,No,,,,
bogota-heroes-run-2024,Héroes Run,2024-10-27T00:00:00-05:00,,Bogotá,country:colombia|department:cundinamarca|city:bogota,,,21k y 10k,,,Yes,No,No,,,,
cartagena-carrera-pintate-2024,Carrera Píntate,2024-10-27T00:00:00-05:00,,Cartagena,country:colombia|department:bolivar|city:cartagena,,,5k,web@https://www.2george.com.co/eventos,,Yes,No,No,,,,
bogota-duatlon-2024,Duatlón de Bogotá,2024-11-03T00:00:00-05:00,,Bogotá,country:colombia|department:cundinamarca|city:bogota,,,58k y 29k,web@https://www.vchallenges.co/2024/,,Yes,No,No,,,,
tunja-media-maraton-2024,Media Maratón de Tunja,2024-11-03T00:00:00-05:00,,Tunja,country:colombia|department:boyaca|city:tunja,,,21k,web@https://www.inscripcionesea.com/inscripcion/index.php?IDCarrera=58,,Yes,No,No,,,,
pereira-media-maraton-del-cafe-2024,Media Maratón del Café,2024-11-03T00:00:00-05:00,,Pereira,country:colombia|department:risaralda|city:pereira,,,empty,web@https://mediamaratoncafe.com.co/,,Yes,No,No,,,,
monteria-media-maraton-2024,Media Maratón de Montería,2024-11-10T00:00:00-05:00,,Montería,country:colombia|department:cordoba|city:monteria,,,21k,web@https://www.2george.com.co/evento/rio-media-maraton-monteria-2024,,Yes,No,No,,,,
armenia-night-run-2024,Armenia Night Run,2024-11-10T00:00:00-05:00,en:¡Te esperamos en la segunda versión de la carrera nocturna más emocionante de Colombia!,Armenia,country:colombia|department:quindio|city:armenia,,,"15k, 7k, 5k",web@https://www.instagram.com/armenia_nightrun|ig@armenia_nightrun,yt@RL3Fd3_ZHO8,Yes,Yes|10,Yes|10,1575,22,Comfenalco Quindio + Logistics Sports,web@https://logisticsports.com/
bucaramanga-reto-aeropuerto-2024,Reto Aeropuerto,2024-11-10T00:00:00-05:00,,Bucaramanga,country:colombia|department:santander|city:bucaramanga,,,empty,web@https://runningbucaramanga.com/eventos/reto-aeropuerto-2024-2/,,Yes,No,No,,,,
armenia-nghgt-run-music-festival-2024,Armenia Nghgt Run Music Festival,2024-11-10T00:00:00-05:00,,Armenia,country:colombia|department:quindio|city:armenia,,,"15k. 7k, 3k",web@https://comfenalcoquindio.com/armenia-night-run/,,Yes,No,No,,,,
bogota-corre-mi-tierra-2024,Corre mi Tierra,2024-11-17T00:00:00-05:00,,Bogotá,country:colombia|department:cundinamarca|city:bogota,,,"21k, 15k, 1k, 5k",web@https://corremitierra.com/bogota/,,Yes,No,No,,,,
tulua-media-maraton-2024,Media Maratón de Tuluá,2024-11-17T00:00:00-05:00,,Tuluá,country:colombia|department:valle-del-cauca|city:tulua,,,"21k, 10k, 5k",web@https://www.instagram.com/mediamaratontulua/?hl=es,,Yes,No,No,,,,
cucuta-media-maraton-2024,Media Maratón de Cúcuta,2024-11-24T00:00:00-05:00,,Cúcuta,country:colombia|department:norte-de-santander|city:cucuta,,,"21k, 10k y 5k",web@https://mediamaratoncucuta.com|ig@mmcucuta|fb@MMCucuta,,Yes,No,No,,,,
palmira-carrera-deportivo-cali-2024,Carrera Deportivo Cali,2024-11-24T00:00:00-05:00,,Palmira,country:colombia|department:valle-del-cauca|city:palmira,,,"8k, 5k y 2k",web@https://juanchocorrelon.com/,,Yes,No,No,,,,
guasca-new-balance-series-15k-2024,New Balance Series 15k,2024-11-24T00:00:00-05:00,,Guasca,country:colombia|department:cundinamarca|city:guasca,,,empty,web@https://www.newbalance15k.com.co/,,Yes,No,No,,,,
bogota-maraton-2024,Maratón de Bogotá,2024-12-01T00:00:00-05:00,,Bogotá,country:colombia|department:cundinamarca|city:bogota,,,42k,web@https://mailchi.mp/vchallenges.co/preventa-individual-42k,,Yes,No,No,,,,
manizales-media-maraton-junior-2024,Media Maratón de Manizales - Junior,2024-12-01T00:00:00-05:00,,Manizales,country:colombia|department:caldas|city:manizales,,,,,,Yes,No,No,,,,
manizales-media-maraton-2024,Media Maratón de Manizales,2024-12-01T00:00:00-05:00,,Manizales,country:colombia|department:caldas|city:manizales,,,"21k, 10k y 5k",ig@mediamaratondemanizales|web@https://mediamaratonmanizales.com|fb@mediamaratondemanizales,,Yes,No,Yes|10,,,,
cali-carrera-rio-2024,Carrera Río Cali,2024-12-15T00:00:00-05:00,,Cali,country:colombia|department:valle-del-cauca|city:cali,,,10k y 5k,web@https://grupomonte.com/eventos/carrera-internacional-rio-cali/,,Yes,No,No,,,,
cartagena-christmas-run-kids-2024,Christmas Run Kids,2024-12-14T00:00:00-05:00,,Cartagena,country:colombia|department:bolivar|city:cartagena,,,2k y 1k,web@https://www.medalstore.com.co/producto/christmas-run-kids-2024/,,Yes,No,No,,,,
cartagena-christmas-run-2024,Christmas Run,2024-12-15T00:00:00-05:00,,Cartagena,country:colombia|department:bolivar|city:cartagena,,,15k y 8k,web@https://www.medalstore.com.co/producto/chritmas-run-2024/,,Yes,No,No,,,,
cartagena-san-silvestre-2024,San Silvestre de Cartagena,2024-12-28T00:00:00-05:00,,Cartagena,country:colombia|department:bolivar|city:cartagena,,,empty,web@https://www.2george.com.co/evento/carrera-san-silvestre-cartagena-2024,,Yes,No,No,,,,
entabeni-marathon-2024,Big Five Marathon,2024-06-15T00:00:00-05:00,,Entebani,country:south-africa|department:south-africa|city:entabeni,default:/assets/images/races/big-five-marathon-1030.jpg,,,web@https://big-five-marathon.com|ig@albatrosadventuremarathons|fb@bigfivemarathon,,Yes,No,Yes|9,,,,
cape-two-oceans-ultra-2024,Two Oceans Ultra Marathon,2024-04-14T00:00:00-05:00,"en:The Two Oceans Marathon, South Africa’s best loved road race, is often voted the most breathtaking course in the world due to the natural splendour of the course. Highlights include Chapman’s Peak, Muizenberg, St James, Kalk Bay, Constantia and Newlands.",Cape Town,country:south-africa|department:|city:cape-town,,,,,,Yes,No,Yes|7,,,,
vienna-marathon-2024,Vienna Marathon,2024-04-21T00:00:00-05:00,,Vienna,country:austria|department:|city:vienna,default:/assets/images/races/vienna-banner.webp,,"by Alexxx86 - Own work, CC BY-SA 3.0, https://commons.wikimedia.org/w/index.php?curid=14945090",,,Yes,No,Yes|8,,,,
chamoix-utmb-2024,Ultra Trail Mont Blanc,2024-08-26T00:00:00-05:00,"en:The Dacia UTMB Mont-Blanc is the most incredible trail running event! Each year, the best athletes meet in Chamonix and more than 10'000 runners participate in one of the event's 8 races, including the UTMB World Series Finals.",Chamoix,country:south-africa|department:mont-blanc|city:chamonix,default:/assets/images/races/utmb-banner.webp,by montblanc.utmb.world,,,,Yes,No,Yes|10,,,,